Uuid,Name,Price,Payment Mode,Stock Item,Billable Service
1df3721c-1760-4230-ae34-61f6372f1943,Cash,200.00,526bf278-ba81-4436-b867-c2f6641d060a,,a63beb82-b07f-4187-b697-9b823a28ac30
b5a78d0e-fbb2-45d4-825e-da480b24283a,Cash,150.00,526bf278-ba81-4436-b867-c2f6641d060a,,f4ac37be-0563-4c80-a908-ab49a18a0096
fa6a40b2-038d-41d2-8be4-43814cd8d6f0,Cash,100.00,526bf278-ba81-4436-b867-c2f6641d060a,,b6841f6f-39a0-4b14-9fa3-da4b45d12ecb
f770ff83-9c27-4768-aad3-ab109e23f3cf,Cash,50.00,526bf278-ba81-4436-b867-c2f6641d060a,,7c9f3958-0a3f-4713-9ac8-f99ede38b738
f1c889f0-c6dd-4620-b25b-ed615bb7880b,Cash,150.00,526bf278-ba81-4436-b867-c2f6641d060a,,78a58df1-a208-483b-b99e-4f6abe534fe0
f2c3a2bc-5b9b-4f34-a6a8-42c8341d7ab8,Cash,700.00,526bf278-ba81-4436-b867-c2f6641d060a,,b4029a88-d2f1-441f-8c9b-26a7d63bb2d4
0a138ea2-a01c-4e9d-9672-328b5a5c3ffa,Cash,500.00,526bf278-ba81-4436-b867-c2f6641d060a,,406ee875-cd3f-48e1-9cf7-8b920c738679
9c4812e9-304b-40a7-ac6c-b0f2235b7b03,Cash,50.00,526bf278-ba81-4436-b867-c2f6641d060a,,0a138ea2-a01c-4e9d-9672-328b5a5c3ffa
2fb27bd8-4bd8-42f8-bbbf-533782da1a39,Cash,150.00,526bf278-ba81-4436-b867-c2f6641d060a,,c8181f35-9eb2-4e18-acfa-c6e58408e718
f277de7c-ea39-49c1-91af-fea25331fe15,Cash,150.00,526bf278-ba81-4436-b867-c2f6641d060a,,18ae520d-0610-4e01-8c08-7d46a31af27b
e3fb8c3f-758b-40d5-a550-55f4cd05e6ef,Cash,60.00,526bf278-ba81-4436-b867-c2f6641d060a,,b391432b-280e-47c6-aee0-012e0169b4db
0faeb82e-0844-4f1a-949a-989f00d5c9e1,Cash,800.00,526bf278-ba81-4436-b867-c2f6641d060a,,f6e1859c-6812-4153-9ef2-1f7b40da5877
5099370a-3ef0-4b85-8a73-d5fddedb9441,Cash,80.00,526bf278-ba81-4436-b867-c2f6641d060a,,a9b9ece3-fc71-4d01-a8cc-da0fdd18f72b
e5dfda40-3c87-45b6-ab40-f154f0cc9070,Cash,150.00,526bf278-ba81-4436-b867-c2f6641d060a,,15500b12-e9eb-4a9a-9fa9-45d6bd6dc660
00f06018-f46a-422f-aae7-f66e5360f549,Cash,100.00,526bf278-ba81-4436-b867-c2f6641d060a,,1bcd7cbf-6010-4489-8643-947ee4794d42
7c93769e-c424-4ad6-b634-f9e4c54ccde3,Cash,500.00,526bf278-ba81-4436-b867-c2f6641d060a,,6e961378-043f-4a4b-ae3a-65ff5ac45210
c85b02ae-3dc9-4586-b81d-5958f46352da,Cash,700.00,526bf278-ba81-4436-b867-c2f6641d060a,,08b39917-d22d-4b40-aa68-2985a956f8f5
d3b4b39b-47ad-4425-80d3-4eea59c8801f,Cash,1500.00,526bf278-ba81-4436-b867-c2f6641d060a,,9e933122-2953-43cd-99b2-ed225bc18c83
dd86805b-bd04-4f14-9094-4339d1af283b,Cash,150.00,526bf278-ba81-4436-b867-c2f6641d060a,,8434d00f-7191-4b86-b2b4-593037d6944f
46cc2044-eb59-478c-a074-764ec3abb8ad,Cash,150.00,526bf278-ba81-4436-b867-c2f6641d060a,,27c4ef7f-7af1-4fca-8c1c-032afa14d8f9
ef20baf1-092a-4676-a288-d9e2f2372c34,Cash,400.00,526bf278-ba81-4436-b867-c2f6641d060a,,66bee7ee-912f-4e3e-bbc4-0a168da90bf1
20e71072-68b2-4326-9171-420577850903,Cash,200.00,526bf278-ba81-4436-b867-c2f6641d060a,,f936fe87-f3a5-4537-9fe2-252bf5083b8d
5d65c2f0-63a5-4620-a175-70929d2f4cea,Cash,200.00,526bf278-ba81-4436-b867-c2f6641d060a,,802c6561-15b1-4ddc-a942-a9d8321d576e
517350ce-9b55-40eb-9aaa-16ee1da14beb,Cash,400.00,526bf278-ba81-4436-b867-c2f6641d060a,,a89fc596-2183-4d95-a697-280607fe7a1b
5af81c46-4ae9-45cf-b203-34ce2b4953e5,Cash,500.00,526bf278-ba81-4436-b867-c2f6641d060a,,be567f2d-c4f0-4e4d-9b1b-6addfd0da248
324c4d63-f5bb-43f1-a76f-fd8f61c38f74,Cash,100.00,526bf278-ba81-4436-b867-c2f6641d060a,,9aaa2517-42e1-4bde-aa53-8c5f4e3b9da0
50470c29-20bb-4b7b-9f19-fd25937652b1,Cash,200.00,526bf278-ba81-4436-b867-c2f6641d060a,,fae138f3-b292-4c07-8941-0ca200b63f8e
343cc884-a907-4b65-a4df-295c87ef32ca,Cash,150.00,526bf278-ba81-4436-b867-c2f6641d060a,,16c540c0-b2b8-4274-9f57-6df73f419d67
3d53cc80-5afb-44ef-b5bd-54931869dcc5,Cash,200.00,526bf278-ba81-4436-b867-c2f6641d060a,,850cd775-fee8-4dcf-a746-c7b3737a5304
c4d8c931-c8c4-4149-816d-7895e6fe1ec2,Cash,50.00,526bf278-ba81-4436-b867-c2f6641d060a,,25629b38-90e9-48c6-a565-2a862966589b
81439e2f-dc8e-433a-bffe-a992bb9f331b,Cash,900.00,526bf278-ba81-4436-b867-c2f6641d060a,,551b0e21-942a-441f-8078-b5b23c0fb08e
f1aefe44-cec7-428d-8be4-349aaed1401b,Cash,50.00,526bf278-ba81-4436-b867-c2f6641d060a,,4e91d85e-9454-44cf-b74a-3ba822562bbd
86d277fc-e5d3-4312-9c76-66e138f98fa2,Cash,30.00,526bf278-ba81-4436-b867-c2f6641d060a,,9bca7bd5-2e81-4a30-87ae-a7b729941a4b
7476ee84-77a7-4042-b8cd-6db4442d07f8,Cash,100.00,526bf278-ba81-4436-b867-c2f6641d060a,,dba0e570-9cd5-42bf-83b2-2ddd9fffae1a
5006d68c-02c3-45be-a17f-199bb5ae37c6,Cash,300.00,526bf278-ba81-4436-b867-c2f6641d060a,,43b5cb13-f11a-408d-b843-bf7d8972ef16
6c27c168-b92c-4d2c-b0bc-bf40573eca54,Cash,40.00,526bf278-ba81-4436-b867-c2f6641d060a,,7de0fbbf-8371-4119-a405-2dd8b669685d
2770c4f7-fd23-463a-9eb7-bbeb7380da48,Cash,10.00,526bf278-ba81-4436-b867-c2f6641d060a,,8d473e4c-cc3b-4f08-a6bf-a6b26cf32476
c0536619-bef2-464b-9e6e-429578df34fe,Cash,10.00,526bf278-ba81-4436-b867-c2f6641d060a,,bbf71caa-ac55-47d2-a41b-d8c5719a56b4
8b30cd05-2fee-4bea-9e09-8d8337897080,Cash,400.00,526bf278-ba81-4436-b867-c2f6641d060a,,e8aba45d-bc72-449f-a469-fcef597c9f74
4f758605-7330-4bc0-8b4e-0b1ce4a22fcc,Cash,300.00,526bf278-ba81-4436-b867-c2f6641d060a,,aa9f938d-ad02-4589-a717-7525bd6a37f7
92e2a881-3e3b-4c9b-8c22-5ad05a0f38d1,Cash,500.00,526bf278-ba81-4436-b867-c2f6641d060a,,84d9e0c2-aa6d-4aac-ba18-781a8c999f34
a37e7f18-cf5e-49ed-b1a5-b37d6ab8f1d7,Cash,300.00,526bf278-ba81-4436-b867-c2f6641d060a,,45ed32f1-ec7f-46a7-b53c-7ae85c82bee2
6963a1e3-6c82-49ae-8e60-cecd9464b45d,Cash,200.00,526bf278-ba81-4436-b867-c2f6641d060a,,055b8a39-adf4-44e4-912a-f6d357ed7b1f
abd0099b-0533-4ab4-9fe0-983022f955ef,Cash,100.00,526bf278-ba81-4436-b867-c2f6641d060a,,2ee8871f-29f3-4fb3-b98e-3080a8887db2
f4d4858e-5b6c-467e-b757-307276d73776,Cash,200.00,526bf278-ba81-4436-b867-c2f6641d060a,,bf2f727b-92b9-48f7-84c1-6824672dda1b
076b70da-d585-4763-9833-c789c10e3298,Cash,200.00,526bf278-ba81-4436-b867-c2f6641d060a,,00e12c15-229b-4970-ba98-114fe257b4cc
f596fd87-ed54-45e0-9031-66657af3ba00,Cash,250.00,526bf278-ba81-4436-b867-c2f6641d060a,,2a97aa7b-9d75-481b-bee1-4e1fa0b6ed91
152c6b2c-a814-4ba1-a31b-17586d09b608,Cash,450.00,526bf278-ba81-4436-b867-c2f6641d060a,,126003fe-1bd0-4a16-82d5-85bcd3e26dca
946df6bc-3571-4385-bd1b-7f17ed3a8886,Cash,2000.00,526bf278-ba81-4436-b867-c2f6641d060a,,90b076c5-8e66-4298-b85f-1f32860f0887
c457077e-00e6-4fa0-8c9d-3e26008fdb66,Cash,50.00,526bf278-ba81-4436-b867-c2f6641d060a,,0be238e1-2064-4ac6-b584-1ce2a60cfb71
b1127f23-8ab2-4724-8ac5-06547f89f1f4,Cash,100.00,526bf278-ba81-4436-b867-c2f6641d060a,,027dd307-9777-4172-a5ed-8b4fda0d90bd
f5795ad8-3bd2-4b5b-997c-972edac2e32e,Cash,10.00,526bf278-ba81-4436-b867-c2f6641d060a,,37d57681-7123-4877-9153-4f2725e953d3
3b323178-8464-4b35-b0cc-1ececa89591a,Cash,20.00,526bf278-ba81-4436-b867-c2f6641d060a,,a2cd101a-eefc-49ce-a814-e544f1398748
b767fb54-a0cc-4776-ae7f-3690e46042ec,Cash,40.00,526bf278-ba81-4436-b867-c2f6641d060a,,515bf51a-7130-4406-9b87-182045ca669b
4d7fa5dd-2c99-4800-9088-a71340a7232c,Cash,200.00,526bf278-ba81-4436-b867-c2f6641d060a,,041c3bb1-7a92-4b10-ae01-7d7da0621cd6
ab2cc3f6-bf20-404e-8092-6f503caf0269,Cash,150.00,526bf278-ba81-4436-b867-c2f6641d060a,,107513a9-4511-4534-8604-2034bdf9633d
b62583d0-4872-4c52-ba5b-08535a600a67,Cash,200.00,526bf278-ba81-4436-b867-c2f6641d060a,,bc1bc00d-a5aa-4154-84ff-d8af59006e89
c12b6af1-68d4-481f-a1b6-c7abbf393734,Cash,500.00,526bf278-ba81-4436-b867-c2f6641d060a,,e342ebf1-161a-4988-86f8-bcbabf388527
75609aeb-b178-4896-97b8-86939481e37d,Cash,100.00,526bf278-ba81-4436-b867-c2f6641d060a,,73b0fcc8-4864-4187-bb1b-68313b411998
2b13c698-fd54-4d9f-858a-c4f538ab0e21,Cash,20.00,526bf278-ba81-4436-b867-c2f6641d060a,,5b0e7604-496d-4f3b-af84-b76d53572bc5
f9edf213-3a11-46e1-881a-e58ad96c4c16,Cash,5.00,526bf278-ba81-4436-b867-c2f6641d060a,,c5706554-5e8e-4544-993a-54d70bd4d921
0752421b-43c5-436a-b471-e237b7c12e43,Cash,600.00,526bf278-ba81-4436-b867-c2f6641d060a,,b8a970de-0926-4f1a-9876-fea6f7e23e5b
4897aed1-b0f8-45c3-9933-ab76b2fdd1ec,Cash,150.00,526bf278-ba81-4436-b867-c2f6641d060a,,075720db-9ea9-4e24-a701-21623e7bb72b
32b2ecc7-a047-4ccd-849e-9e002152f264,Cash,300.00,526bf278-ba81-4436-b867-c2f6641d060a,,26ffbbcd-7b43-4270-b30d-f33d7e92cc69
ce28bd6d-217d-489f-bb8f-a286c6c9fe09,Cash,450.00,526bf278-ba81-4436-b867-c2f6641d060a,,2c32ac34-5d61-4cad-a8c4-a2a97e65c838
682ff526-2728-4d96-bb17-0278fc9b9aaa,Cash,300.00,526bf278-ba81-4436-b867-c2f6641d060a,,8c52cf10-78b5-42ea-81ac-ae8947c66653
78f73f67-c0ee-443d-927b-3c826fbe0d62,Cash,300.00,526bf278-ba81-4436-b867-c2f6641d060a,,b0eee744-3016-47dc-a769-190c7725d36a
fadd8bf2-510c-4264-a5a4-38282a1e1643,Cash,2000.00,526bf278-ba81-4436-b867-c2f6641d060a,,600002fd-be17-4b18-a919-b3a28b9cf0a3
7f30b2c6-5e0e-452b-abf3-0d54b7046fde,Cash,150.00,526bf278-ba81-4436-b867-c2f6641d060a,,2c782e50-0d61-497d-9a51-52c9c6e14898
7c3d1e41-b0e3-40cf-b6a9-7fd31cf027e0,Cash,20.00,526bf278-ba81-4436-b867-c2f6641d060a,,794e089c-2bec-4a5e-863a-9a9a5504568c
d53dfbb4-4785-4438-99e6-8a30efb28b78,Cash,300.00,526bf278-ba81-4436-b867-c2f6641d060a,,2a607630-bc1f-49e0-b0f9-9cd34b0b8b74
173f521c-071e-4b34-b7b0-a1d103404901,Cash,400.00,526bf278-ba81-4436-b867-c2f6641d060a,,768f8b76-2da0-492b-865f-5da01a489c78
8923cd54-1c9f-4abb-9184-6db5434fb3f7,Cash,200.00,526bf278-ba81-4436-b867-c2f6641d060a,,f9a6346c-d1a6-48dc-8092-7448638b4086
16c8dbd0-7546-4010-8d48-17eb96fd6035,Cash,250.00,526bf278-ba81-4436-b867-c2f6641d060a,,fe4838c5-346c-45be-8bfc-07e1833a0905
b7f11b5a-3ae3-41af-b989-b4c5709420c9,Cash,200.00,526bf278-ba81-4436-b867-c2f6641d060a,,a168f3e7-6230-4c90-90cd-25cf85bce6e6
4e8ebb8c-354c-4005-b83e-6d15cf0c7ab1,Cash,50.00,526bf278-ba81-4436-b867-c2f6641d060a,,79b24d73-256a-4819-bcdd-da145594f3b2
1acf8f52-9f36-4c00-a3d4-86d73ad3bc92,Cash,100.00,526bf278-ba81-4436-b867-c2f6641d060a,,97f64017-8ab8-4fdd-bf87-54e548b53d30
959fd3ba-1aae-4b98-8f21-ae2fac8aa75d,Cash,1.00,526bf278-ba81-4436-b867-c2f6641d060a,,8d30c094-6e99-41be-952b-8d476f5840ee
b82729e5-6255-4620-9181-2caac5a10667,Cash,40.00,526bf278-ba81-4436-b867-c2f6641d060a,,3272e439-b0cd-4bff-b386-eb56234b17f4
86c7429d-db69-41f0-b327-1aecc3840c61,Cash,200.00,526bf278-ba81-4436-b867-c2f6641d060a,,1333530d-35fc-4602-9d27-11cb0afcb1c4
c23b51d7-1b35-4334-a946-1bf2c012d407,Cash,100.00,526bf278-ba81-4436-b867-c2f6641d060a,,957f62f3-4b91-4a47-8766-14fd5f3c375c
3905709b-0e1f-440c-a07b-cbf2babf6985,Cash,0.00,526bf278-ba81-4436-b867-c2f6641d060a,,0caa1a1b-60fb-47d6-a15c-ffab7ffe6b0f
45d3e86e-a57d-4028-bf9a-d6fa6cc1e50a,Cash,40.00,526bf278-ba81-4436-b867-c2f6641d060a,,1c3b4a5e-160d-4cf6-9c84-9d16f78e32b0
ebaee0a1-4bc5-4f33-beb5-5faab8b99ade,Cash,100.00,526bf278-ba81-4436-b867-c2f6641d060a,,99868949-4d37-4995-8e24-bbeb2a415cb4
7cd47192-52f5-47e8-8ee7-607b0bd9cf98,Cash,100.00,526bf278-ba81-4436-b867-c2f6641d060a,,9f526a96-03f4-427d-b1b1-2e34ef93d761
320cfd8d-ee67-4a03-8d97-e93e2a27e7ad,Cash,600.00,526bf278-ba81-4436-b867-c2f6641d060a,,0b8ac78c-4bc0-4e22-b521-a880e1a3908d
fd538916-2368-46ca-81e9-a9282998d5c9,Cash,20.00,526bf278-ba81-4436-b867-c2f6641d060a,,e8fb7e24-0608-44da-85c0-ad128183336c
ec34640a-6161-4b23-bba4-d749473b14d7,Cash,30.00,526bf278-ba81-4436-b867-c2f6641d060a,,0d3a7246-e855-49ad-96f1-5d4711c0912b
6f47469b-aa37-4403-af03-70f135a5de15,Cash,200.00,526bf278-ba81-4436-b867-c2f6641d060a,,4e744a5e-ced5-4dfa-ba25-b6b501d8ac29
f40a9481-ee55-4b0f-8802-2254107411a2,Cash,200.00,526bf278-ba81-4436-b867-c2f6641d060a,,0b5a43a0-48a6-49ed-abc2-836d2c7e1e33
e3d36a7d-0d92-4eb9-b4d4-817048a1c8a8,Cash,150.00,526bf278-ba81-4436-b867-c2f6641d060a,,6e009847-16c6-40c1-939c-87305f8797f9
1dba13a8-fa6c-400b-b624-7834ea82f185,Cash,30.00,526bf278-ba81-4436-b867-c2f6641d060a,,b5b377eb-11ed-4a6e-89e1-8cc1db836277
72bcec3d-1965-4640-83c3-542516e29f49,Cash,50.00,526bf278-ba81-4436-b867-c2f6641d060a,,2790c62b-bb9f-4520-be37-353a365fc114
7ff5456d-d05d-4eb7-a2f3-f5f8299aecec,Cash,10.00,526bf278-ba81-4436-b867-c2f6641d060a,,c0adce14-8122-48c4-bd13-b3eddcdcbb5c
f93318d3-b640-4dde-871b-7aaa02181935,Cash,100.00,526bf278-ba81-4436-b867-c2f6641d060a,,dd2819ef-199c-4fe7-8bdb-657f4f5d3841
1a047032-ed03-42c8-9925-cdbbcb89a051,Cash,25.00,526bf278-ba81-4436-b867-c2f6641d060a,,6e7ec308-481b-4f65-b865-913c3012be3b
8106d913-e863-4a60-8423-d3dc108af165,Cash,50.00,526bf278-ba81-4436-b867-c2f6641d060a,,a7a4dfa3-47d1-4fc1-b444-3fde53dcbef3
a11d7d31-efbf-4b18-8ee9-d13ddb0c8e49,Cash,1500.00,526bf278-ba81-4436-b867-c2f6641d060a,,fb8974dd-685f-4122-a58a-d1e5016422fd
6078a7aa-f437-457f-9ea2-5f2598ef3d6c,Cash,100.00,526bf278-ba81-4436-b867-c2f6641d060a,,2109cbc5-a7f0-4384-ada9-fe4c051def0a
12122613-22b1-4670-8a45-34c78de00b9a,Cash,20.00,526bf278-ba81-4436-b867-c2f6641d060a,,00953795-7e65-4cd0-8eb8-15df70a53abe
6642e00f-d3bb-4edd-a08b-93bfa4483f45,Cash,1200.00,526bf278-ba81-4436-b867-c2f6641d060a,,c7373e9a-9838-4164-9fe4-795c7d440756
729d6a20-2ae4-40f6-8a66-4b36ac858f63,Cash,1800.00,526bf278-ba81-4436-b867-c2f6641d060a,,278a281b-bfc9-434c-bf4f-8384339eee74
668cf487-c962-4b0b-97de-b672ef41a9d8,Cash,50.00,526bf278-ba81-4436-b867-c2f6641d060a,,254ea681-8b38-4666-b23b-3577b829cde2
c10da019-23f7-4964-ae98-63b46ce4d4de,Cash,200.00,526bf278-ba81-4436-b867-c2f6641d060a,,3ef278be-3798-47c0-8ff6-07511e6e4d5f
833b102c-a69c-460e-bf7c-09782396cd8b,Cash,100.00,526bf278-ba81-4436-b867-c2f6641d060a,,adbb9282-f157-47ed-aeb2-1969320261e0
d945c38a-649f-41a3-a408-2c5e3d6b04e4,Cash,10.00,526bf278-ba81-4436-b867-c2f6641d060a,,3109c4ce-0e81-4201-b8d8-a3d8e1b9e330
944b48e6-2747-4855-b20e-4bfc3f054e67,Cash,100.00,526bf278-ba81-4436-b867-c2f6641d060a,,b31a9765-6865-4566-a72c-b2344d9d54da
cec1c93c-89c4-48f8-9c5c-f038f1284f33,Cash,20.00,526bf278-ba81-4436-b867-c2f6641d060a,,cbfec3a8-5332-47d1-99d8-08ab2d11126c
cf31464f-dd71-4b63-b7f0-38f59f1ae11f,Cash,50.00,526bf278-ba81-4436-b867-c2f6641d060a,,ef9934ae-b58d-46bb-a91e-bc792e18535f
ce6d60fd-7304-42cf-94bb-50cd943c63e0,Cash,100.00,526bf278-ba81-4436-b867-c2f6641d060a,,7b15734d-c8a9-4490-be39-2132059388a5
86593d52-6033-44d3-9746-7d4bf4951773,Cash,80.00,526bf278-ba81-4436-b867-c2f6641d060a,,44944037-24ba-4087-be2a-ca8aea52003a
defce178-776c-4d2d-8f62-b9e568912009,Cash,30.00,526bf278-ba81-4436-b867-c2f6641d060a,,ecaf868a-e634-4e8f-8aaa-c8c41ccb095f
cb42adc6-c7c5-4dd0-ab95-d9160f4646a0,Cash,100.00,526bf278-ba81-4436-b867-c2f6641d060a,,d06c08be-9b3c-4c68-9143-7ae910a9139b
fe510751-8fdb-4fd9-9afa-cc23e6928931,Cash,800.00,526bf278-ba81-4436-b867-c2f6641d060a,,586e1df2-c2fd-4594-8783-0bde7e57ad36
be1c2f81-2726-4c28-b662-ea3b86c16808,Cash,0.00,526bf278-ba81-4436-b867-c2f6641d060a,,7dc576e6-15cb-4485-b894-5eb6be11ada7
5c00fa7c-dd66-41b4-ab57-2e9e13596221,Cash,50.00,526bf278-ba81-4436-b867-c2f6641d060a,,a14d4af9-5aef-4e7d-9453-6757e9fef6b9
ccf18a1a-63c5-4f98-84e1-32ceb42f88e9,Cash,400.00,526bf278-ba81-4436-b867-c2f6641d060a,,4e96e2ac-6377-4be0-b2f7-91edbd9a2d55
93cbe3e4-a4c8-442a-b1f1-a6898cacff59,Cash,700.00,526bf278-ba81-4436-b867-c2f6641d060a,,3c28f63d-11d7-4d70-8396-8da4196abe7c
da840a8c-6403-432a-8037-47d2948bc4c7,Cash,50.00,526bf278-ba81-4436-b867-c2f6641d060a,,722a5896-b3d6-456f-99d5-81c89251a708
8a19a594-4594-447d-ac18-dffb6de84fa4,Cash,450.00,526bf278-ba81-4436-b867-c2f6641d060a,,c08249ea-1e74-4775-920a-d34ffdc981a2
b18b31dc-53ec-4b20-a11b-3550a9a092b3,Cash,1500.00,526bf278-ba81-4436-b867-c2f6641d060a,,ddd6c3a9-0a33-44e5-937d-f15ae2a0ec88
7d0d778b-11eb-49c7-85c2-41273c1a4216,Cash,700.00,526bf278-ba81-4436-b867-c2f6641d060a,,51656d59-3346-463b-867d-6694da305b21
904a4a24-57d4-43e7-91f8-8fda6eaaf43e,Cash,70.00,526bf278-ba81-4436-b867-c2f6641d060a,,a8ce10a8-5731-4ff3-8c53-93a3814b8f94
3e4391d3-8f5d-4226-9a9a-da9a96ee7e01,Cash,500.00,526bf278-ba81-4436-b867-c2f6641d060a,,2ff17cd2-8a5a-4d61-aae0-1a344777edce
f603d6cc-be1f-472d-b5cf-6935929b2665,Cash,400.00,526bf278-ba81-4436-b867-c2f6641d060a,,69172a4f-cdf4-44c4-81b5-1dc17951f3ff
49122f1c-a3f4-4b5c-8df0-6eada0f947c7,Cash,1000.00,526bf278-ba81-4436-b867-c2f6641d060a,,6f892aa2-eec0-49a6-aab5-9ebdd6dccfe5
d7720025-f67a-49f5-9143-05cbec697630,Cash,1200.00,526bf278-ba81-4436-b867-c2f6641d060a,,6e9a53a4-6391-42b2-95b5-36a56577f671
b3dc0e8e-f85a-4dde-a2ef-6d199ccf9166,Cash,200.00,526bf278-ba81-4436-b867-c2f6641d060a,,8e8f1065-1a53-4bc2-a87d-f8dcb8382478
30f0cbb9-174c-458f-b232-050bb50ec513,Cash,200.00,526bf278-ba81-4436-b867-c2f6641d060a,,a12861a8-f6e1-4850-b598-392b54940d0e
e6616ad1-c5a2-4936-92f9-e9ae1fc613ca,Cash,600.00,526bf278-ba81-4436-b867-c2f6641d060a,,96bedf64-3105-484f-9441-0838eb3401a3
74c434fe-dda0-44e4-ae37-ff180666cee5,Cash,100.00,526bf278-ba81-4436-b867-c2f6641d060a,,61c24ef9-054e-4c2f-8d88-1b07ef58d39c
f65952eb-bbde-43da-92ff-36f0f57e764f,Cash,500.00,526bf278-ba81-4436-b867-c2f6641d060a,,ec3fcd4e-066e-4106-9f48-f2ec9e208f46
42457ed2-b587-4b80-ac40-d1ed61849bc5,Cash,150.00,526bf278-ba81-4436-b867-c2f6641d060a,,0df5bdb3-b405-4510-8e93-09c84da9be66
6e4c2fe2-8ce1-48ef-8ae8-3e2230a5e755,Cash,150.00,526bf278-ba81-4436-b867-c2f6641d060a,,8b27e1e8-a376-46db-b5a2-2367d4a5484c
9a78dfd3-3b7e-4135-8c89-babfcc5501bf,Cash,40.00,526bf278-ba81-4436-b867-c2f6641d060a,,e8956245-63f2-499c-bf63-5c4c15dcb838
71da82ab-a0d4-4b5a-b9cf-4a983fce3190,Cash,25.00,526bf278-ba81-4436-b867-c2f6641d060a,,02802a76-b099-4099-8562-9d28d6322735
28048bf9-cfb9-4d83-853d-97db5fe53b94,Cash,300.00,526bf278-ba81-4436-b867-c2f6641d060a,,7da954be-c5d0-49f5-88d8-fc46f640c993
71a9648f-3dba-483e-b447-435a82370b53,Cash,300.00,526bf278-ba81-4436-b867-c2f6641d060a,,b38187be-0d90-4ac3-90bd-ff86d0f89085
85a5c172-237c-4e05-b3f6-9aff48ac5716,Cash,600.00,526bf278-ba81-4436-b867-c2f6641d060a,,19e95edf-836b-46f8-a8f9-9fc75375bae9
c5649132-304d-4ba8-a62f-73c844138cd7,Cash,450.00,526bf278-ba81-4436-b867-c2f6641d060a,,301491e3-dbe5-4fda-a259-53ce4c137b20
fe23a15a-9513-4b55-aca3-051470a2fb3d,Cash,300.00,526bf278-ba81-4436-b867-c2f6641d060a,,28c39f77-fb64-4688-a9df-a877c4f4ad90
0b8bd3dc-adce-4ee8-9eea-1887a026c448,Cash,250.00,526bf278-ba81-4436-b867-c2f6641d060a,,54553310-d646-4f3e-8cbb-84a7c7f32487
fc0386e7-585f-4aec-83d1-29640f2ed0cc,Cash,400.00,526bf278-ba81-4436-b867-c2f6641d060a,,254383b9-b8e0-467e-8a95-df7e6fac5501
18f09ed2-b7c8-4be1-b9a7-75e2f4bd6966,Cash,100.00,526bf278-ba81-4436-b867-c2f6641d060a,,9ec93bfd-8d51-4e2d-8a83-330f0591cadf
d52f61f6-5181-43f0-9947-2fbe4608e5ea,Cash,200.00,526bf278-ba81-4436-b867-c2f6641d060a,,db1dcfec-1227-4760-99ce-08ec100784d7
28da3640-d602-4a1a-9cd0-08dec82be8ff,Cash,200.00,526bf278-ba81-4436-b867-c2f6641d060a,,21251541-77b0-4311-814c-30b80dba9dd0
8bd3c91c-a575-40c7-b2ae-8779f0194a86,Cash,150.00,526bf278-ba81-4436-b867-c2f6641d060a,,368db601-a29f-40af-a569-db8e183b6745
c4eeb054-c9ab-43de-a095-58c6039248c8,Cash,150.00,526bf278-ba81-4436-b867-c2f6641d060a,,ad77a17e-afb7-496d-b7dd-976e1379520a
0335782b-ac0a-442e-a226-6f541dab21e1,Cash,150.00,526bf278-ba81-4436-b867-c2f6641d060a,,15400d0b-9d2a-40be-8601-e98abce944e4
39f8fcc1-eff9-41d3-8a15-84943f9fda13,Cash,100.00,526bf278-ba81-4436-b867-c2f6641d060a,,0827a035-4292-411d-94bc-13f94be8fd3c
d8503492-7e5b-4ab2-9341-cea57e9b3954,Cash,0.00,526bf278-ba81-4436-b867-c2f6641d060a,,347d1585-9cfd-42d6-a7bd-c9ffd53269ba
b90417fa-3398-408c-b3bf-efb5d30f390c,Cash,30.00,526bf278-ba81-4436-b867-c2f6641d060a,,29434689-dec6-4f34-ae67-f17098d2d0e2
7aa901bd-a30a-4be1-87b4-8242ceac75d2,Cash,300.00,526bf278-ba81-4436-b867-c2f6641d060a,,fb95c5a8-4c08-471d-8501-3b952e000e80
0478674e-f296-47e0-bdb7-aec62891a34a,Cash,250.00,526bf278-ba81-4436-b867-c2f6641d060a,,fca5b685-8129-4c76-a360-3665ada1c096
0593be36-6370-4270-9bd2-8874dbcca77b,Cash,1000.00,526bf278-ba81-4436-b867-c2f6641d060a,,446bbc5e-1e4a-4fd7-85d7-b367d6a4b872
1c41289f-6c7c-4f2c-8fc8-ca96bf29c354,Cash,50.00,526bf278-ba81-4436-b867-c2f6641d060a,,5cf4cbe1-ef75-4325-803f-80f0f22a3834
768a7c7a-1dfe-4cf5-aac0-32ef2d98f910,Cash,1.00,526bf278-ba81-4436-b867-c2f6641d060a,,98653a8b-37a6-496a-8cd8-976dbeff76b2
af367b9f-6c49-42d4-9b8a-fbd56448e13c,Cash,200.00,526bf278-ba81-4436-b867-c2f6641d060a,,1c5e2835-ccf5-4cc3-9e44-f75376ee50e4
ad304418-b56c-4210-b2f7-51597a12dff4,Cash,100.00,526bf278-ba81-4436-b867-c2f6641d060a,,0890a596-334e-4f59-9931-31e0754bb0b8
4db8e866-b65b-4ac3-908b-6bdca12037d4,Cash,20.00,526bf278-ba81-4436-b867-c2f6641d060a,,5dcf4293-8b78-421a-b771-d77d381a12df
2f1daaaa-d94d-48d9-8737-f238c651bc22,Cash,200.00,526bf278-ba81-4436-b867-c2f6641d060a,,15d2e833-536e-4258-a6a4-4aa73979bf3c
aab059f8-9a4d-4a5d-8ef0-b719876c3110,Cash,4500.00,526bf278-ba81-4436-b867-c2f6641d060a,,bcc198a2-5249-4111-8575-e66487634baa
f28234b5-7d24-4d27-b0b2-c0a70e811660,Cash,100.00,526bf278-ba81-4436-b867-c2f6641d060a,,d115caa1-e7c3-43f3-9efb-994ad4d56538
eceeaf0f-aa7d-4a49-8857-b0017eb20446,Cash,50.00,526bf278-ba81-4436-b867-c2f6641d060a,,432e893b-0502-4bb5-a6a4-35de22a3c673
da20561f-1cd2-4dbf-be09-6b6fe11585bb,Cash,350.00,526bf278-ba81-4436-b867-c2f6641d060a,,1a56ce7b-ca59-465c-9f07-94972a3c2d66
daf70555-41ed-4613-a1d3-9963df5d4865,Cash,250.00,526bf278-ba81-4436-b867-c2f6641d060a,,0bbbaf26-f255-4bc7-b536-e5b8d03a9bd4
4e338a00-4f65-4b4e-8af9-815dd337e9a4,Cash,100.00,526bf278-ba81-4436-b867-c2f6641d060a,,0bf5bade-e21e-4c30-bf9d-68c6391f5028
37f44986-b77e-48ac-990f-5dae0e0bd0cd,Cash,150.00,526bf278-ba81-4436-b867-c2f6641d060a,,30405fe4-ec75-4399-87e3-f2ce2a40048f
85c516e2-8deb-481f-9278-990a4bcd2f11,Cash,0.00,526bf278-ba81-4436-b867-c2f6641d060a,,32b0c69c-206b-466f-84f8-de050828c3c4
f58803cc-c048-4841-8d90-bdb18b2b5e51,Cash,150.00,526bf278-ba81-4436-b867-c2f6641d060a,,c773d5b7-556e-443a-85c4-fab6e7ed2b18
a4df6cd0-6798-4db3-b468-14e2b8dffce0,Cash,250.00,526bf278-ba81-4436-b867-c2f6641d060a,,2afa7fa9-25cf-4f63-ac53-e8607d2f50e1
69c1fbb4-cb8b-4f3e-add1-b3d04583b828,Cash,100.00,526bf278-ba81-4436-b867-c2f6641d060a,,8b6c5147-caf8-4a42-af30-0617829ccdb6
19642661-b4aa-4f1e-94f8-f38f21890a26,Cash,250.00,526bf278-ba81-4436-b867-c2f6641d060a,,6c06dd8d-9943-4eb0-8c3b-81a4ec83dde1
b5c96033-0210-41ff-8579-d5c533d6fdfd,Cash,200.00,526bf278-ba81-4436-b867-c2f6641d060a,,95f6ad95-fbab-4800-a6c0-9466acaed6fd
92167d47-6f8e-47f5-b33e-9ed12ba8e8f7,Cash,400.00,526bf278-ba81-4436-b867-c2f6641d060a,,de943599-c221-488a-8aab-226e50865cb2
1a8d1d37-0d82-4cdf-bba8-73e555d6fe0c,Cash,400.00,526bf278-ba81-4436-b867-c2f6641d060a,,03396322-6215-4e40-8afe-7e8ef1b91b80
298de6f1-f62d-43af-b9a7-05e6fa4c6ad7,Cash,100.00,526bf278-ba81-4436-b867-c2f6641d060a,,50833ccc-260e-442a-8a32-5f17eab874a5
70ad40b5-cd4f-4764-8c32-bcbde39574e0,Cash,250.00,526bf278-ba81-4436-b867-c2f6641d060a,,5d120cf8-6d09-4de9-9ea0-6a2d0b556d70
438e848b-f949-4d0b-a261-29e746faff28,Cash,150.00,526bf278-ba81-4436-b867-c2f6641d060a,,83631e83-7d1f-4fb8-a233-6fae011893cb
47a1ea5a-f80f-40ea-b192-e91f7894841c,Cash,100.00,526bf278-ba81-4436-b867-c2f6641d060a,,ae9c3fa8-cc74-4763-9c5f-44f5a582c193
9aaef31b-2dbe-4441-875e-e0c687100da5,Cash,100.00,526bf278-ba81-4436-b867-c2f6641d060a,,bb890af1-fbf3-47aa-8465-9217e5dda60c
b02fa9ad-4929-4cc7-bf0e-806dfc59cb56,Cash,200.00,526bf278-ba81-4436-b867-c2f6641d060a,,1417f7b5-e9dc-44a4-abaf-e2e0f96d3720
f8b9e944-0342-4cd5-8cb1-57c5f1d11068,Cash,200.00,526bf278-ba81-4436-b867-c2f6641d060a,,6009867f-4f93-4f73-95cd-8159991366a1
172ad011-6fd3-4a39-afb9-579d5fecc453,Cash,500.00,526bf278-ba81-4436-b867-c2f6641d060a,,1a4f513d-b92e-4515-b612-acc521f8592d
fb35fa3f-c640-419d-a678-7e131860471a,Cash,150.00,526bf278-ba81-4436-b867-c2f6641d060a,,842fca79-1b28-44a6-81ce-7a39ebb71e13
d50f8ad1-38fb-44d3-a0ff-a410e21350ee,Cash,250.00,526bf278-ba81-4436-b867-c2f6641d060a,,0b66de2f-667a-423c-b274-8a8b0aa8f8ff
13199d6a-bee7-4373-8d89-31078742e6e0,Cash,100.00,526bf278-ba81-4436-b867-c2f6641d060a,,281d7387-9165-482e-a106-f7b781d53107
44a79e18-2719-4e43-ad44-dfede367d4db,Cash,200.00,526bf278-ba81-4436-b867-c2f6641d060a,,d267ff36-65a5-4c4c-8343-ce133452d298
22d0871c-f3b8-40d1-976a-f1d4b65f8fc7,Cash,900.00,526bf278-ba81-4436-b867-c2f6641d060a,,71f078ad-5cb8-4ddf-9a4e-8adaa78aeeb7
49356f99-4ba1-4e26-a75e-ed52bf2ad4af,Cash,50.00,526bf278-ba81-4436-b867-c2f6641d060a,,55135ab1-803b-4ada-b2c2-e92f5e75cc19
82803138-d23c-4909-b487-107e2edf53d9,Cash,100.00,526bf278-ba81-4436-b867-c2f6641d060a,,5b02e135-51f6-4b5e-bd70-9ac5947d4222
b1040d3b-6407-44a9-b55d-057067dfcf0d,Cash,100.00,526bf278-ba81-4436-b867-c2f6641d060a,,b31d2fd4-a87f-4dfd-9f36-924a14f7bbcb
ce99a604-4989-4775-9ba2-a273da1986eb,Cash,50.00,526bf278-ba81-4436-b867-c2f6641d060a,,dd10910e-1250-434e-b77c-862ac90eedb9
88869f31-bfcd-42e9-801c-1a31ec43ce32,Cash,250.00,526bf278-ba81-4436-b867-c2f6641d060a,,243f0779-e6ca-43ae-8b96-f25f023c60f5
4f398a1d-7358-48be-9cbf-a9efb00f3831,Cash,350.00,526bf278-ba81-4436-b867-c2f6641d060a,,6c2efb4b-a8d7-4eef-9322-0f7693a49e7c
1e305096-8255-445a-aabf-f547f403f4ce,Cash,400.00,526bf278-ba81-4436-b867-c2f6641d060a,,4337dcc2-435a-4198-8362-2644a74b08d3
cb89960e-abc9-4c15-829f-c624dc5d9710,Cash,400.00,526bf278-ba81-4436-b867-c2f6641d060a,,2f10098c-5442-4202-9372-085d5a1935b2
ae0ce9e2-4987-4ca4-a477-1ca2288c2d2e,Cash,100.00,526bf278-ba81-4436-b867-c2f6641d060a,,a12955ee-d560-4161-82b3-58e0ca04b6e1
d4580e72-f123-48a4-9be0-6a23cc96a068,Cash,150.00,526bf278-ba81-4436-b867-c2f6641d060a,,d6403ae5-9fe8-4808-b43b-27a0b3efaa72
a6b5d943-dc8c-4887-ac08-78ed57c2861b,Cash,50.00,526bf278-ba81-4436-b867-c2f6641d060a,,e14a7c9a-2bff-4213-9db1-e55443ae5188
828608dd-229f-4f8f-bf8c-174bc55e32c6,Cash,500.00,526bf278-ba81-4436-b867-c2f6641d060a,,0411fe4c-73db-49af-b8b1-b2d1339b72ca
e3268ccf-90b0-4810-bbc4-653fb4c9d88a,Cash,400.00,526bf278-ba81-4436-b867-c2f6641d060a,,cf4616ae-e91a-4459-b879-e9fa3673b5c5
8e212601-0db8-4216-8d14-e420e9cbe2b1,Cash,200.00,526bf278-ba81-4436-b867-c2f6641d060a,,3e1a982a-5a51-4700-87bf-fe32d6ea169c
217e2d00-9558-4d1a-b3f5-c32935bf349f,Cash,100.00,526bf278-ba81-4436-b867-c2f6641d060a,,79fa877e-6eef-43dd-80cf-124ac43f5d71
cfa78ef0-101b-4159-9a18-39663714689d,Cash,150.00,526bf278-ba81-4436-b867-c2f6641d060a,,6e834d54-98cf-46c7-a6ea-230a56ca1566
2914c13e-adee-4f10-a540-bdaa8ebefbfb,Cash,400.00,526bf278-ba81-4436-b867-c2f6641d060a,,ea8513f3-a601-4a08-bf90-2522957f98bb
b90b447e-8eb9-4f3e-b456-c784407b661d,Cash,100.00,526bf278-ba81-4436-b867-c2f6641d060a,,7bc40624-0611-44e3-89de-8591a73dca8d
976e6204-b6b2-4177-a699-c36f783d0427,Cash,400.00,526bf278-ba81-4436-b867-c2f6641d060a,,dad9ae5c-80e7-4f55-bd77-ef090f09dfcb
5d5dcb91-5acc-4c86-91b0-a9deb7399d1f,Cash,100.00,526bf278-ba81-4436-b867-c2f6641d060a,,1ab0b82a-565e-4949-a3c4-d1673d0e3ef1
fe07cc83-44cd-47fb-851e-2155cb14f438,Cash,100.00,526bf278-ba81-4436-b867-c2f6641d060a,,b22c0405-c3a8-41be-8de7-5f2a93aea3fc
a8a747a7-c234-46cf-b782-887ba723853c,Cash,150.00,526bf278-ba81-4436-b867-c2f6641d060a,,e583914b-8df4-4e7c-9fcd-fb02abc47bc4
00f881f4-73ea-4994-be0f-540f780eec07,Cash,150.00,526bf278-ba81-4436-b867-c2f6641d060a,,f5871d81-cfde-4f2c-bf8e-6e5ca33b2d33
e61ca8c6-69ce-492f-8537-ddb1b4fc7da3,Cash,400.00,526bf278-ba81-4436-b867-c2f6641d060a,,ffbd78d3-2c76-4d0c-8aa0-1af854a29fa1
2e0edfe4-c1e0-4dcc-9296-d918ab4d352b,Cash,200.00,526bf278-ba81-4436-b867-c2f6641d060a,,c1097b34-6352-47f2-879d-733bc553d153
12ef657f-e4bd-4c07-8dcc-4dce4414b5f4,Cash,150.00,526bf278-ba81-4436-b867-c2f6641d060a,,5381f2fa-b604-478a-85c0-9e0d3b883d48
b99ad61d-8585-4092-90ba-048f79271bd7,Cash,150.00,526bf278-ba81-4436-b867-c2f6641d060a,,acae59ab-bb48-4f92-ac5b-bd18e3a3d988
de2b0eae-4947-472e-afd3-b48b65eaa6ce,Cash,200.00,526bf278-ba81-4436-b867-c2f6641d060a,,5bbd5f63-28b8-4022-9ba5-cb38b66edca1
a82a76b8-50f1-426a-b6f8-8912a22cd891,Cash,600.00,526bf278-ba81-4436-b867-c2f6641d060a,,e71dab90-9821-4084-a764-ea40d5cc43dd
a21ba78d-f6f5-4c21-8d86-b746556daa6f,Cash,100.00,526bf278-ba81-4436-b867-c2f6641d060a,,dde6a3a6-b3cc-4adc-8c3a-af26d4aa476e
509f50a6-b3e5-4507-ae1a-f8e8b6c8af8a,Cash,300.00,526bf278-ba81-4436-b867-c2f6641d060a,,7cf043eb-3a01-4607-b7fc-47f4bb3a036a
73ef3cf4-e311-4f51-b3ad-1d6277a56da7,Cash,400.00,526bf278-ba81-4436-b867-c2f6641d060a,,ea3a68a5-7ef9-4865-b9d6-69864416a7ca
080ecb90-3157-4409-a335-01db68fc4dde,Cash,250.00,526bf278-ba81-4436-b867-c2f6641d060a,,ff421518-272d-4aae-844a-eae6ab6167d8
e39167a1-70bc-4367-975a-876810d06f35,Cash,400.00,526bf278-ba81-4436-b867-c2f6641d060a,,9803375b-425f-468f-bfd9-3967b0d41f1d
582af173-93f2-462a-8aed-f39b09741ffc,Cash,150.00,526bf278-ba81-4436-b867-c2f6641d060a,,801154b9-ed11-4fff-9b8f-1446faebabc6
86764145-442f-47c8-ad16-3cb03b7b8936,Cash,0.00,526bf278-ba81-4436-b867-c2f6641d060a,,da983676-75db-43e1-bcbc-91e33d1fe9c6
2569500a-9bde-43f0-a9e9-b0f9f58eed21,Cash,300.00,526bf278-ba81-4436-b867-c2f6641d060a,,91d02a97-3493-4df9-b42d-b5a715f10e64
d1cb5a79-2009-4a08-ba35-9e750b670dd5,Cash,500.00,526bf278-ba81-4436-b867-c2f6641d060a,,2ed3b7cd-37a6-4cb6-b657-6b5271791b48
609d343a-3c9b-43eb-a2a5-b97fbf51f8de,Cash,200.00,526bf278-ba81-4436-b867-c2f6641d060a,,c134faf5-d375-42a9-8360-c179d854b776
a7c55bfb-9d8b-4a1d-bef3-1bd11df08bcc,Cash,3000.00,526bf278-ba81-4436-b867-c2f6641d060a,,61068878-b381-49d6-ba5f-784dd2a1ffe2
4a3244d0-ce81-4762-95e7-94c145bb0d81,Cash,1500.00,526bf278-ba81-4436-b867-c2f6641d060a,,09b5a845-7f32-4639-9eef-2b292fe937b9
7b237cc4-acab-4bda-8670-b8330b94ca0c,Cash,1000.00,526bf278-ba81-4436-b867-c2f6641d060a,,1a7017b1-41e7-427e-8d07-79711a93abaf
102c817f-9cad-4256-b630-53320a6213a0,Cash,150.00,526bf278-ba81-4436-b867-c2f6641d060a,,5d80c6ff-e1d2-4f41-8d45-bef4259b918c
78f865bd-34cb-4add-99ad-109a7cbfa33c,Cash,250.00,526bf278-ba81-4436-b867-c2f6641d060a,,90829f8a-9575-476a-9368-fc3ab2914548
68985888-40d5-4e70-b9ca-0595fa189e4d,Cash,150.00,526bf278-ba81-4436-b867-c2f6641d060a,,959a185b-5b3f-4c90-9f9e-49ac23d400e8
31178db4-d20c-47d6-b231-989bcb975b5c,Cash,200.00,526bf278-ba81-4436-b867-c2f6641d060a,,18e33244-3932-4748-9d77-a61c44c162c7
7c327704-1118-417c-ac5b-63d0f5e13445,Cash,100.00,526bf278-ba81-4436-b867-c2f6641d060a,,45683f0c-60ca-4e81-8368-97265af2fbd0
0b49336e-9d58-4f32-9ba9-b105a8ed8983,Cash,250.00,526bf278-ba81-4436-b867-c2f6641d060a,,4d73ea56-96eb-4e04-9758-141d3c12a0fb
02f2cd69-baf4-4148-a292-7742d88a6b2d,Cash,450.00,526bf278-ba81-4436-b867-c2f6641d060a,,92db635f-3be1-45f1-9847-3b1334ceaef9
7be42be6-40e2-41d2-b295-4bc5e49591e8,Cash,400.00,526bf278-ba81-4436-b867-c2f6641d060a,,4f5843ee-2941-4d06-987b-eed662da17c5
0c7849a4-0a61-41ac-98c7-b6cc747b6581,Cash,400.00,526bf278-ba81-4436-b867-c2f6641d060a,,d66beb44-31c6-46fb-a0ce-d5c149acf755
9ec8cdc6-9186-44f8-a731-77caa7902d1f,Cash,250.00,526bf278-ba81-4436-b867-c2f6641d060a,,d4ea9233-fbc2-4a98-8cbc-ba36060f6c5f
afae289c-8e60-4597-81b8-d94ddb94cd85,Cash,150.00,526bf278-ba81-4436-b867-c2f6641d060a,,2ec5703a-ac54-45dc-ab30-47dfea01b9a6
9a7c3f5b-c8fc-4fb3-82cd-0fef7b0b46d3,Cash,600.00,526bf278-ba81-4436-b867-c2f6641d060a,,80eabcdf-7351-4619-900f-984f4f63bc6f
15ce2b36-97b5-46fa-bfa8-ae179f334f55,Cash,200.00,526bf278-ba81-4436-b867-c2f6641d060a,,4f46d4bc-5c2a-490f-a8f2-5a5c4e3bfd7a
606cd9a4-7077-425b-b131-79b16132648e,Cash,200.00,526bf278-ba81-4436-b867-c2f6641d060a,,5ee6fc98-c073-4f7b-9352-92d79cf71237
9a20b3ef-643a-423b-85e4-f37387d48fcc,Cash,0.00,526bf278-ba81-4436-b867-c2f6641d060a,,2acb4675-7bb4-4148-bb60-5831b4146602
84a2e2f6-e447-4a85-a886-4fd24401c13a,Cash,150.00,526bf278-ba81-4436-b867-c2f6641d060a,,93f4f0b7-5409-4571-b9f9-a22875b53943
abf723dd-5d74-47d1-bde0-c30c5cf0288a,Cash,150.00,526bf278-ba81-4436-b867-c2f6641d060a,,822b6606-e72c-450f-a5ee-36460c0b396c
d01c8b93-a5e8-4a0b-bd45-4aba96d65bda,Cash,100.00,526bf278-ba81-4436-b867-c2f6641d060a,,983fac51-de2d-4ff1-a9a6-110b1d57cb9e
5e47ef5b-0c10-4b60-8946-f637e0c5c4bb,Cash,150.00,526bf278-ba81-4436-b867-c2f6641d060a,,69e4d84f-d3da-4ad3-813d-a9fddf1067ef
4a0335e0-ddce-4431-94bf-05752adfb53c,Cash,100.00,526bf278-ba81-4436-b867-c2f6641d060a,,c77ac304-c299-4d8c-97af-31b02c7b0aa9
bfd7ef47-0804-4be4-88a7-b951e3648522,Cash,250.00,526bf278-ba81-4436-b867-c2f6641d060a,,b55cbaf6-5740-4063-8c10-9c15f38a1ef2
33303f64-b2c9-4f21-a01f-1c3dadaef05a,Cash,100.00,526bf278-ba81-4436-b867-c2f6641d060a,,fbdcbb42-138f-4248-b468-f7ed139a544d
f542ec97-b5fa-4fa3-bda3-c5a50e17decf,Cash,150.00,526bf278-ba81-4436-b867-c2f6641d060a,,9fbc0013-61a3-47f1-8ec8-efcf1dd42f86
6f43013e-bbb4-482f-ae37-8988be1e1e1a,Cash,100.00,526bf278-ba81-4436-b867-c2f6641d060a,,a60da9b9-2564-44da-8218-69d5e8e7d1b5
0851ee65-2e95-42fb-87d9-a7807b2d5e9b,Cash,200.00,526bf278-ba81-4436-b867-c2f6641d060a,,1a03266d-55e4-4223-8252-db0b07648b25
7adff2d8-aa15-49be-b8fc-ca0e55546a8f,Cash,200.00,526bf278-ba81-4436-b867-c2f6641d060a,,d994d4b1-a807-4bfd-a99c-880fb4932926
9ec25df9-d022-4ab0-95df-f0c5734fb442,Cash,100.00,526bf278-ba81-4436-b867-c2f6641d060a,,2c55df14-f780-44c0-aa65-efb6b45e23f4
bb028f3d-e0c4-47cc-9873-9c9bcb7fc2be,Cash,500.00,526bf278-ba81-4436-b867-c2f6641d060a,,a2bb89e0-0c11-420f-9bf8-01afda0444c7
c7a9d518-cb50-46e8-a68f-13b85b6eec95,Cash,700.00,526bf278-ba81-4436-b867-c2f6641d060a,,7a49c550-c724-4dd0-a26f-2bb52e2a8bcd
28e40930-7d33-41b7-b53f-06c9576d3b69,Cash,500.00,526bf278-ba81-4436-b867-c2f6641d060a,,22a12224-369a-49e7-84c0-9bf96dad6f74
650a7d3d-40b7-4e2e-9b1d-ddad58c810f1,Cash,0.00,526bf278-ba81-4436-b867-c2f6641d060a,,8139d2ff-6c8d-49db-9cfd-966d674cd62e
c14d0350-1da6-4962-ae36-54d5c68bdfe9,Cash,150.00,526bf278-ba81-4436-b867-c2f6641d060a,,32491e0c-ede8-4af5-b853-de8734216dc2
bfdce380-8333-418e-bde5-a588e07db8d9,Cash,300.00,526bf278-ba81-4436-b867-c2f6641d060a,,8829d587-fd96-417c-9b17-18fe284c662a
fa2324c8-7d8c-4ac8-92e2-9473131cf77c,Cash,150.00,526bf278-ba81-4436-b867-c2f6641d060a,,fcad2e09-d40c-4183-aef3-127bfc39757e
702f3060-9384-43a7-a615-8d872a5a9872,Cash,100.00,526bf278-ba81-4436-b867-c2f6641d060a,,479b4cc9-515c-4aff-b429-c377c58b1a6a
547df73f-96c4-4ffe-8652-7f4938b1e6bd,Cash,200.00,526bf278-ba81-4436-b867-c2f6641d060a,,7fa0c9ee-f283-4462-8e77-b94b2f59f74b
c678a82b-5a13-4d64-b313-6b64f79d7b17,Cash,200.00,526bf278-ba81-4436-b867-c2f6641d060a,,6f7a343b-1675-4a05-a248-f734d379ad28
3f04e2e9-ed2d-48cf-96f3-7d2a93035ba7,Cash,3000.00,526bf278-ba81-4436-b867-c2f6641d060a,,ec1b38f2-1ea8-4569-b147-02012da6ec65
914ce851-6e46-4e1b-bcec-59b8623ca0b9,Cash,500.00,526bf278-ba81-4436-b867-c2f6641d060a,,10147a00-8cff-4ddf-a1eb-4d7566e334ee
a9346357-c561-483e-b22d-5fbcf6078b3a,Cash,300.00,526bf278-ba81-4436-b867-c2f6641d060a,,13237df6-f47b-44a0-b514-ae16d6028b95
a86201cc-f44b-4bda-9325-6e62f61c6815,Cash,800.00,526bf278-ba81-4436-b867-c2f6641d060a,,fa3d1179-9a23-4d66-9ab3-880d9d36d452
38ac6a10-e2ee-456f-b70b-8809a3a44d59,Cash,400.00,526bf278-ba81-4436-b867-c2f6641d060a,,3b0fdf45-cc8b-4531-9837-b3931e5698a9
cc77fd9c-4ca7-4658-bde8-f08bbcbe1d7c,Cash,200.00,526bf278-ba81-4436-b867-c2f6641d060a,,d3b63e3f-1225-47d4-bd75-626042fddeb2
9c61d403-1dd1-4811-b2f9-0c1c649026b6,Cash,200.00,526bf278-ba81-4436-b867-c2f6641d060a,,3b1ee1be-2ac3-4820-8fca-0a52264a892c
62b4f798-8e8b-41ef-9a0c-17f16b00f1ab,Cash,300.00,526bf278-ba81-4436-b867-c2f6641d060a,,709fc703-bd92-43f6-bebe-4c24872b7928
6e434577-d44f-4853-b8db-0d8ac7d806e4,Cash,350.00,526bf278-ba81-4436-b867-c2f6641d060a,,1d59c6d2-27ec-44da-8398-ec2f30cab9b4
0c98adec-d612-4b82-af25-f122d0c3e61c,Cash,0.00,526bf278-ba81-4436-b867-c2f6641d060a,,57542467-0aff-4cab-8ed6-089cf22c0796
216fb1af-3d55-41e2-9a48-5e56227d3d5a,Cash,6000.00,526bf278-ba81-4436-b867-c2f6641d060a,,717fdf58-1dc8-4857-864b-b129f79b5104
b2ca4ff6-9bd7-4168-8e8a-3166587c91fb,Cash,200.00,526bf278-ba81-4436-b867-c2f6641d060a,,61f1b99a-0288-44e2-83aa-cbdc47813869
1f495be8-71f4-460c-92fb-fb93d2a0140c,Cash,200.00,526bf278-ba81-4436-b867-c2f6641d060a,,07cb013c-2ab9-4638-966e-4f6684478556
b5a63aed-c9d8-4d68-8538-e643866fe70e,Cash,250.00,526bf278-ba81-4436-b867-c2f6641d060a,,23dc3dca-9630-499c-8133-ec3ca2a101ab
1cdeea3c-aa8e-465b-82c5-96b80a03458a,Cash,200.00,526bf278-ba81-4436-b867-c2f6641d060a,,d9e0c782-1449-4c13-9310-a1d6e6d8425a
370e7b25-16bb-458c-821f-34c49015622e,Cash,10.00,526bf278-ba81-4436-b867-c2f6641d060a,,42ad2e39-d19f-4fea-9fea-fd4d5e2218b8
a5e888ad-71a6-4e72-a90c-cce9f2204d0a,Cash,600.00,526bf278-ba81-4436-b867-c2f6641d060a,,f45a6ab7-c59e-4412-b499-6abaec74a1e9
63364963-1069-4bcd-bbd0-08ff9a83de31,Cash,100.00,526bf278-ba81-4436-b867-c2f6641d060a,,b2d814e9-40fe-43d1-a41f-48689cbe8fd3
ff5a3d8f-908c-4ff0-81a3-a79d522eaa63,Cash,150.00,526bf278-ba81-4436-b867-c2f6641d060a,,8faa8053-1468-43e6-87f4-7cf89c5165e6
5184020b-4bab-495e-a859-2b3acaed882b,Cash,100.00,526bf278-ba81-4436-b867-c2f6641d060a,,d43b4f9b-5c64-4bfe-af67-cbdd1e749c85
d432ba62-d337-4b5a-acbb-9471b9aa8137,Cash,200.00,526bf278-ba81-4436-b867-c2f6641d060a,,8d4bc16c-aa87-4f94-8c35-6a870bcafd25
7b754c83-f27f-4d9c-8b0c-5bb1f8fa95ca,Cash,50.00,526bf278-ba81-4436-b867-c2f6641d060a,,eaa0be9f-125e-4be7-b2bf-a804561686fd
74760693-c962-4ab6-91dd-5d2e2c96bbde,Cash,300.00,526bf278-ba81-4436-b867-c2f6641d060a,,f921590b-1a5d-4ab3-bdc8-a8531abf3508
885c6191-6358-435c-a377-30ff163f2c44,Cash,100.00,526bf278-ba81-4436-b867-c2f6641d060a,,3984ffdd-cbcd-4a8d-962e-71d204dcdbe6
a60c039b-a2e3-4bed-a87d-bbf725fa6aa0,Cash,150.00,526bf278-ba81-4436-b867-c2f6641d060a,,eb4025fb-deb6-4cca-94db-2f0ebd7d4ecb
105262c6-f0ab-4641-84c8-f58ca5e8e56d,Cash,30.00,526bf278-ba81-4436-b867-c2f6641d060a,,3da33644-76db-4417-ae86-463ce2aa5e32
1bf6dc81-9351-411b-9ff4-6fab15329c59,Cash,35.00,526bf278-ba81-4436-b867-c2f6641d060a,,a1e24cc1-8581-4093-a8f5-63d709c55ed2
a5f95f13-b31b-4e4b-ac02-c0eecb7d4785,Cash,10.00,526bf278-ba81-4436-b867-c2f6641d060a,,332be53b-d642-4200-8b13-569940afdb1e
f36c4d10-1cce-4695-9c2b-32d239e15322,Cash,20.00,526bf278-ba81-4436-b867-c2f6641d060a,,b57fb20e-a0d3-4ba6-b5ef-b9f0e3337d73
c84ae78e-7471-478a-968b-53c7c110f433,Cash,10.00,526bf278-ba81-4436-b867-c2f6641d060a,,6b66ec4a-f36a-45b4-9b3c-71487e67ed0b
1fb9d752-d007-4a01-af24-9fafbef71ee6,Cash,10.00,526bf278-ba81-4436-b867-c2f6641d060a,,7b3d3e3c-597e-4310-85d7-6da5b2311a53
93586cd2-b4f9-48f0-88b0-985556e01f87,Cash,10.00,526bf278-ba81-4436-b867-c2f6641d060a,,160a462b-34dd-4620-a620-85ac17d6b3ac
30f10e2b-cbba-4ff0-8ec2-927943642242,Cash,500.00,526bf278-ba81-4436-b867-c2f6641d060a,,73537a26-5bcc-4ffa-a244-1bd8d1a4005c
71bae9e0-ff4e-4987-969e-974818102583,Cash,0.00,526bf278-ba81-4436-b867-c2f6641d060a,,de49da48-cc4b-4063-8b60-6cb11e8a1d58
b5fcfbe5-9146-4ac9-888f-4fffdb040ce0,Cash,200.00,526bf278-ba81-4436-b867-c2f6641d060a,,cf646583-43dd-449e-8d93-716fc93922a3
25f284e1-6366-406d-a700-d2f4a94fcd71,Cash,5000.00,526bf278-ba81-4436-b867-c2f6641d060a,,e6719e5e-2f45-4ad4-b1d5-a61681856bfd
124ebc94-9194-4f78-81eb-d49fbfc02989,Cash,300.00,526bf278-ba81-4436-b867-c2f6641d060a,,a7c33098-18b6-4b58-8a1e-bb19ee952f78
331b7b90-48af-4ade-be39-3703971435a1,Cash,500.00,526bf278-ba81-4436-b867-c2f6641d060a,,e79f07b9-b01e-4c8c-8254-750f2e4f784d
cbe06992-49b3-4d7d-88b8-3c6f24f28b35,Cash,500.00,526bf278-ba81-4436-b867-c2f6641d060a,,913f0f3d-c04a-41a0-bb61-b90cf1f3104e
cb48c25f-048c-4a50-bc52-3b4edf528bdd,Cash,400.00,526bf278-ba81-4436-b867-c2f6641d060a,,f0e4cc91-afda-4f19-baf8-7d97bd7b0785
b2d17449-e544-49af-973a-61b4fe0e846c,Cash,400.00,526bf278-ba81-4436-b867-c2f6641d060a,,3365f1db-1c29-40c4-8160-89a9a795c683
93b9b545-6f11-4a9b-ba3b-0411668cef1f,Cash,500.00,526bf278-ba81-4436-b867-c2f6641d060a,,e99dc2a1-97a9-4803-9000-33b0d32687b7
